<?xml version="1.0" encoding="UTF-8"?>
<!DOCTYPE mapper PUBLIC "-//mybatis.org//DTD Mapper 3.0//EN"
"http://mybatis.org/dtd/mybatis-3-mapper.dtd">
<mapper namespace="com.example.practice.mapper.BoardMapper">

<resultMap id="BoardMap" type="com.example.practice.dto.board.BoardDTO">
    <id     property="b_id"     column="b_id"/>
    <result property="b_title"  column="b_title"/>
    <result property="b_writer" column="b_writer"/>
    <result property="b_content" column="b_content"/>
    <result property="b_create" column="b_create" jdbcType="TIMESTAMP"/>
    <result property="b_update" column="b_update" jdbcType="TIMESTAMP"/>
</resultMap>

<insert id="insertBoard" parameterType="com.example.practice.dto.board.BoardDTO"
          useGeneratedKeys="true" keyProperty="b_id">
    INSERT INTO my_board (b_title, b_writer, b_content)
    VALUES (#{b_title}, #{b_writer}, #{b_content})
</insert>

  <select id="selectBoardById" parameterType="int" resultMap="BoardMap">
    SELECT b_id, b_title, b_writer, b_content, b_create, b_update
    FROM my_board
    WHERE b_id = #{b_id}
  </select>

  <select id="selectAllBoards" resultMap="BoardMap">
    SELECT b_id, b_title, b_writer, b_content, b_create, b_update
    FROM my_board
    ORDER BY b_create DESC
     LIMIT #{recordSize} OFFSET #{offset}
  </select>

  <update id="updateBoard" parameterType="com.example.practice.dto.board.BoardDTO">
    UPDATE my_board
    SET b_title = #{b_title},
        b_content = #{b_content}
    WHERE b_id = #{b_id}
  </update>

  <delete id="deleteBoard" parameterType="int">
    DELETE FROM my_board
    WHERE b_id = #{b_id}
  </delete>
  
  <select id="selectBoardCount" resultType="int">
    SELECT COUNT(*) FROM my_board
</select>
  

</mapper>
