<?xml version="1.0" encoding="UTF-8"?>
<!DOCTYPE mapper PUBLIC "-//mybatis.org//DTD Mapper 3.0//EN"
        "http://mybatis.org/dtd/mybatis-3-mapper.dtd">

<mapper namespace="com.example.practice.mapper.ReceiptMapper">

    <!-- 0. 영수증 한 건 저장 -->
    <insert id="insertReceipt"
            parameterType="com.example.practice.dto.receipt.ReceiptDTO"
            useGeneratedKeys="true"
            keyProperty="rid">

        INSERT INTO receipt_tb (
            u_id,
            r_before,
            r_discount,
            r_total
        )
        VALUES (
            #{uid},
            #{rBefore},
            #{rDiscount},
            #{rTotal}
        )
    </insert>

    <!-- 1) 나의 일별 지출 (Map으로 받기) -->
    <select id="selectDailyTotalByUser"
            parameterType="string"
            resultType="map">
        SELECT
            DATE(r_date)   AS dt,      -- 날짜 (yyyy-MM-dd)
            SUM(r_total)   AS total    -- 그 날 총합
        FROM receipt_tb
        WHERE u_id = #{value}         <!-- 단일 String 파라미터는 #{value} -->
        GROUP BY DATE(r_date)
        ORDER BY dt
    </select>

    <!-- 2) 나의 주간 지출 -->
    <select id="selectWeeklyTotalByUser"
            parameterType="string"
            resultType="map">
        SELECT
            YEARWEEK(r_date, 1) AS yearWeek,   -- 202548 이런 식
            MIN(DATE(r_date))   AS weekStart,  -- 주 시작일
            MAX(DATE(r_date))   AS weekEnd,    -- 주 종료일
            SUM(r_total)        AS total       -- 주간 총액
        FROM receipt_tb
        WHERE u_id = #{value}
        GROUP BY YEARWEEK(r_date, 1)
        ORDER BY yearWeek
    </select>

    <!-- 3) 나의 월간 지출 -->
    <select id="selectMonthlyTotalByUser"
            parameterType="string"
            resultType="map">
        SELECT
            DATE_FORMAT(r_date, '%Y-%m') AS ym,   -- 2025-12
            SUM(r_total)                 AS total
        FROM receipt_tb
        WHERE u_id = #{value}
        GROUP BY DATE_FORMAT(r_date, '%Y-%m')
        ORDER BY ym
    </select>

    <!-- 4) 성별별 지출 (Map으로 받기) -->
    <select id="selectTotalByGender"
            resultType="map">
        SELECT
            u.u_gender     AS gender,
            SUM(r.r_total) AS total
        FROM receipt_tb r
        JOIN user_tb u ON r.u_id = u.u_id
        GROUP BY u.u_gender
        ORDER BY u.u_gender
    </select>

    <!-- 5) 나의 평균 영수증 금액 -->
    <select id="selectMyAverage"
            parameterType="string"
            resultType="int">
        SELECT IFNULL(AVG(r_total), 0)
        FROM receipt_tb
        WHERE u_id = #{value}
    </select>

    <!-- 6) 전체 평균 영수증 금액 -->
    <select id="selectAllAverage"
            resultType="int">
        SELECT IFNULL(AVG(r_total), 0)
        FROM receipt_tb
    </select>

</mapper>

