<?xml version="1.0" encoding="UTF-8"?>
<!DOCTYPE mapper PUBLIC "-//mybatis.org//DTD Mapper 3.0//EN" "http://mybatis.org/dtd/mybatis-3-mapper.dtd">
<mapper namespace="com.example.practice.mapper.ReceiptMapper">

    <!-- INSERT -->
    <insert id="insertReceipt"
            parameterType="com.example.practice.dto.ReceiptDTO">
        INSERT INTO receipt_tb (
            r_id,
            u_id,
            r_before,
            r_discount,
            r_total
        ) VALUES (
            #{rId},
            #{uId},
            #{rBefore},
            #{rDiscount},
            #{rTotal}
        )
    </insert>
    <!-- r_id를 AUTO_INCREMENT 숫자로 바꾸면 useGeneratedKeys 써서 바꿀 수 있음 -->

    <!-- 1) 나의 일별 지출 -->
    <select id="selectDailyTotalByUser"
            parameterType="string"
            resultType="map">
        SELECT
            DATE(r_date)   AS dt,
            SUM(r_total)   AS total
        FROM receipt_tb
        WHERE u_id = #{uId}
        GROUP BY DATE(r_date)
        ORDER BY dt
    </select>

    <!-- 2) 나의 주간 지출 -->
    <select id="selectWeeklyTotalByUser"
            parameterType="string"
            resultType="map">
        SELECT
            YEARWEEK(r_date, 1) AS yearWeek,
            MIN(DATE(r_date))   AS weekStart,
            MAX(DATE(r_date))   AS weekEnd,
            SUM(r_total)        AS total
        FROM receipt_tb
        WHERE u_id = #{uId}
        GROUP BY YEARWEEK(r_date, 1)
        ORDER BY yearWeek
    </select>

    <!-- 3) 나의 월간 지출 -->
    <select id="selectMonthlyTotalByUser"
            parameterType="string"
            resultType="map">
        SELECT
            DATE_FORMAT(r_date, '%Y-%m') AS ym,
            SUM(r_total)                 AS total
        FROM receipt_tb
        WHERE u_id = #{uId}
        GROUP BY DATE_FORMAT(r_date, '%Y-%m')
        ORDER BY ym
    </select>

    <!-- 4) 성별별 지출 -->
    <select id="selectTotalByGender" resultType="map">
        SELECT
            u.u_gender        AS gender,
            SUM(r.r_total)    AS total
        FROM receipt_tb r
        JOIN user_tb u ON r.u_id = u.u_id
        GROUP BY u.u_gender
        ORDER BY u.u_gender
    </select>

    <!-- 5) 나의 평균 영수증 금액 -->
    <select id="selectMyAverage"
            parameterType="string"
            resultType="int">
        SELECT IFNULL(AVG(r_total), 0)
        FROM receipt_tb
        WHERE u_id = #{uId}
    </select>

    <!-- 6) 전체 평균 영수증 금액 -->
    <select id="selectAllAverage"
            resultType="int">
        SELECT IFNULL(AVG(r_total), 0)
        FROM receipt_tb
    </select>

</mapper>
