<?xml version="1.0" encoding="UTF-8"?>
<!DOCTYPE mapper PUBLIC "-//mybatis.org//DTD Mapper 3.0//EN"
  "http://mybatis.org/dtd/mybatis-3-mapper.dtd">

<mapper namespace="com.example.practice.mapper.TestMapper">

 <resultMap id="UserResultMap" type="com.example.practice.dto.DTO">
        <id     property="u_id"    column="u_id"/>
        <result property="u_pw"    column="u_pw"/>
        <result property="u_name"  column="u_name"/>
        <result property="u_gender" column="u_gender"/>
        <result property="tel1"    column="tel1"/>
        <result property="tel2"    column="tel2"/>
        <result property="tel3"    column="tel3"/>
        <result property="u_email" column="u_email"/>
        <result property="reg_date" column="reg_date"/>
    </resultMap>
    
	<insert id="InsertUser"
		parameterType="com.example.practice.dto.DTO">
		INSERT INTO user_tb (
		u_id,
		u_pw,
		u_name,
		u_gender,
		tel1,
		tel2,
		tel3,
		u_email
		)
		VALUES (
		#{u_id},
		#{u_pw},
		#{u_name},
		#{u_gender},
		#{tel1},
		#{tel2},
		#{tel3},
		#{u_email}
		)
	</insert>

      <select id="exists" parameterType="com.example.practice.dto.DTO"
            resultType="int">
        SELECT COUNT(*)
        FROM user_tb
        WHERE u_id = #{u_id}
    </select>

    <update id="UpdateUser" parameterType="com.example.practice.dto.DTO">
        UPDATE user_tb
        SET
            u_pw    = #{u_pw},
            u_name  = #{u_name},
            u_gender= #{u_gender},
            tel1    = #{tel1},
            tel2    = #{tel2},
            tel3    = #{tel3},
            u_email = #{u_email}
        WHERE u_id = #{u_id}
    </update>
 
  <select id="findByIdAndPw"
            parameterType="com.example.practice.dto.login.LoginDTO"
            resultMap="UserResultMap">
        SELECT
            u_id,
            u_pw,
            u_name,
            u_gender,
            tel1,
            tel2,
            tel3,
            u_email,
            reg_date
        FROM user_tb
        WHERE u_id = #{u_id}
          AND u_pw = #{u_pw}
    </select>

<select id="selectUserById"
        parameterType="string"
        resultType="com.example.practice.dto.DTO">
    SELECT
        u_id,
        u_pw,
        u_name,
        u_gender,
        tel1,
        tel2,
        tel3,
        u_email,
        reg_date
    FROM user_tb
    WHERE u_id = #{value}
</select>

    
   <delete id="deleteMember" parameterType="com.example.practice.dto.DTO">
        DELETE FROM user_tb
        WHERE u_id = #{u_id}
    </delete>
    
    
    
<!--      ✅ 새로 추가: 시큐리티에서 쓸, 이름으로 한 명 조회
    <select id="selectUserByName"
            parameterType="string"
            resultType="com.example.practice.dto.DTO">
        SELECT m_name, m_age
        FROM nov17_myid
        WHERE m_name = #{m_name}
    </select> -->

</mapper>




